Label,Survey Question
respnum, Respondent number
Energy_saving_thought, Q.2 - Level of thought given to saving energy in the home
Renewables_support," Q.3 - Level of support for renewable energy for providing electricity, fuel and heat"
NuclearEnergy_UK_support, Q.14A - Opinion in relation to nuclear energy in the UK - level of support
Fracking_knowledge, Q.15A - Awareness/knowledge of fracking
Fracking_support, Q.15B - Whether support or oppose hydraulic fracturing for shale gas
S_Fracking_jobs, Q.15C1 - Reason for supporting hydraulic fracturing for shale gas : Good for local jobs and investment
S_Fracking_FosFuelDepend," Q.15C3 - Reason for supporting hydraulic fracturing for shale gas :Reduces dependence on fossil fuels (coal, oil)"
S_Fracking_posImpact_ClimChange, Q.15C5 - Reason for supporting hydraulic fracturing for shale gas : Will have positive impact on climate change \ meeting carbon reduction targets
S_Fracking_CheapBills, Q.15C6 - Reason for supporting hydraulic fracturing for shale gas : May result in cheaper energy bills
S_Economy, Q.15C7 - Reason for supporting hydraulic fracturing for shale gas : Will have positive impact on UK economy
S_No_local_impact, Q.15C8 - Reason for supporting hydraulic fracturing for shale gas : Wont affect me\my local area so no personal impact
S_Pos_Media, Q.15C9 - Reason for supporting hydraulic fracturing for shale gas : Positive reports in the media
O_habitat_destruc, Q.15D1 - Reason for opposing hydraulic fracturing for shale gas : Loss\destruction of natural environment
O_HousePrices, Q.15D3 - Reason for opposing hydraulic fracturing for shale gas : Local house prices will fall
O_Chemicals, Q.15D4 - Reason for opposing hydraulic fracturing for shale gas : Use of chemicals in the process
O_renewables, Q.15D5 - Reason for opposing hydraulic fracturing for shale gas : Should focus on developing renewable energy sources
O_contamination, Q.15D7 - Reason for opposing hydraulic fracturing for shale gas : Risk of contamination to water supply
O_earthquakes, Q.15D8 - Reason for opposing hydraulic fracturing for shale gas : Risk of earthquakes
O_climateChange, Q.15D9 - Reason for opposing hydraulic fracturing for shale gas : Negative impact on climate change \ meeting carbon reduction targets
O_safety, Q.15D10 - Reason for opposing hydraulic fracturing for shale gas : Not a safe process
O_regulation, Q.15D11 - Reason for opposing hydraulic fracturing for shale gas : Will not be regulated effectively
O_negMedia, Q.15D12 - Reason for opposing hydraulic fracturing for shale gas : Negative reports in the media
O_risk, Q.15D13 - Reason for opposing hydraulic fracturing for shale gas : Too much risk \ uncertainty to support at present
N_Lack_Knowledge, Q.15E1- Reason for not supporting or opposing hydraulic fracturing for shale gas : Dont know enough about it
N_NoInterest, Q.15E2- Reason for not supporting or opposing hydraulic fracturing for shale gas : Not interested in it
N_BothSides, Q.15E3- Reason for not supporting or opposing hydraulic fracturing for shale gas : I can see the positives and negatives
N_NoImpact, Q.15E5- Reason for not supporting or opposing hydraulic fracturing for shale gas : Will have no impact on me
Energy_Bill_cost, Q.16A_01 - Energy bills - Level of worry about outgoings over last 3 months:
Food_Cost, Q.16A_02 - Food and other household shopping - Level of worry about outgoings over last 3 months:
Transport_costs," Q.16A_03 - Transport, including petrol\diesel and public transport costs - Level of worry about outgoings over last 3 months:"
Mortgage_Rent_costs, Q.16A_04 - Mortgage or rent payments - Level of worry about outgoings over last 3 months:
Property_Type, Q.27 - Property type
Fuel_source,Primary heating method
Income,Q.33 Gross household income
Income_above_16000,"Q.33_34 - Whether income is less than £16,000"
Adults, Number of adults in household
Total_household, Number of people in household (including children)
Children, Whether any children (under 16) present in household
csex, Gender of respondent
Tenure_status, Tenure
Work_status, Working Status of respondent
Age,Age of respondent (banded)
Area,Area type (urban/rural)